mu,k0,a,c,omega,tau,M0,beta
0.2,0.005,1.69,0.001122018454301963,-0.03,9772.372209558112,3.0,2.4
